CREATE TABLE student (
   id BIGINT GENERATED BY DEFAULT AS IDENTITY PRIMARY KEY,
   name VARCHAR(64) NOT NULL,
   surname VARCHAR(64) NOT NULL
);

CREATE TABLE teacher (
   id bigint GENERATED BY DEFAULT AS IDENTITY PRIMARY KEY,
   name VARCHAR(64),
   surname VARCHAR(64),
   username VARCHAR(64),
   password VARCHAR(60)
);

CREATE TABLE evaluation (
   id BIGINT GENERATED BY DEFAULT AS IDENTITY PRIMARY KEY,
   stream ENUM('FE', 'BE', 'UX', 'QA') NOT NULL,
   student_id BIGINT REFERENCES student(id),
   teacher_id BIGINT REFERENCES teacher(id),
   communication_grade ENUM('GOOD', 'AVERAGE', 'WEAK') NOT NULL,
   communication_comments VARCHAR(255),
   is_extramile BOOLEAN NOT NULL,
   is_extramile_comments VARCHAR(255),
   is_motivated BOOLEAN NOT NULL,
   motivation_comments VARCHAR(255),
   direction_comments VARCHAR(255),
   ability_to_learn_grade ENUM('GOOD', 'AVERAGE', 'WEAK') NOT NULL,
   ability_to_learn_comments VARCHAR(255),
   overall_evaluation ENUM(
      'NOT_RECOMMENDED',
      'AVERAGE',
      'GOOD',
      'VERY_GOOD'
   ) NOT NULL,
   overall_comments VARCHAR(255) NOT NULL,
   created_at DATETIME NOT NULL,
   updated_at DATETIME NOT NULL
);


INSERT INTO
   student (id, NAME, surname)
VALUES
   (458789, 'Cannon', 'Hudson');


INSERT INTO
   student (id, NAME, surname)
VALUES
   (552580, 'Marcie', 'Cooke');

INSERT INTO
   student (id, NAME, surname)
VALUES
   (35125, 'Hurst', 'Gentry');

INSERT INTO
   student (id, NAME, surname)
VALUES
   (986524, 'Curry', 'Velez');

INSERT INTO
   student (id, NAME, surname)
VALUES
   (458793, 'Bell', 'Kramer');

INSERT INTO
   student (id, NAME, surname)
VALUES
   (552584, 'Rosanne', 'Stevens');

INSERT INTO
   student (id, NAME, surname)
VALUES
   (221524, 'Booker', 'Holmes');

INSERT INTO
   student (id, NAME, surname)
VALUES
   (552586, 'Barnes', 'Merrill');

INSERT INTO
   student (id, NAME, surname)
VALUES
   (986529, 'Pat', 'Langley');

INSERT INTO
   student (id, NAME, surname)
VALUES
   (458798, 'Deleon', 'Dale');

INSERT INTO
   student (id, NAME, surname)
VALUES
   (986531, 'Lara', 'Hickman');

INSERT INTO
   student (id, NAME, surname)
VALUES
   (986532, 'Sosa', 'Fowler');

INSERT INTO
   student (id, NAME, surname)
VALUES
   (221530, 'Armstrong', 'Powers');

INSERT INTO
   student (id, NAME, surname)
VALUES
   (986534, 'Sims', 'Brady');

INSERT INTO
   student (id, NAME, surname)
VALUES
   (221532, 'Jessica', 'Chan');

INSERT INTO
   teacher (id, NAME, surname, username, password)
VALUES
   (
      456846,
      'Marcia',
      'David',
      'David89',
      '6048d820b9693e2936a907d2'
   );

INSERT INTO
   teacher (id, NAME, surname, username, password)
VALUES
   (
      456847,
      'Jenny',
      'Singleton',
      'Jenny86',
      '6048d820cd0098d70a9e5cfa'
   );

INSERT INTO
   teacher (id, NAME, surname, username, password)
VALUES
   (
      456848,
      'Marta',
      'Romero',
      'Marta66',
      '6048d820304090aa3fe9a66d'
   );

INSERT INTO
   teacher (id, NAME, surname, username, password)
VALUES
   (
      456849,
      'Richardson',
      'Hebert',
      'Hebert25',
      '6048d82097025bf760677d74'
   );

INSERT INTO
   teacher (id, NAME, surname, username, password)
VALUES
   (
      456850,
      'Hensley',
      'May',
      'May70',
      '6048d8201dfbf223024ec8cb'
   );

INSERT INTO
   teacher (id, NAME, surname, username, password)
VALUES
   (
      456851,
      'Elisabeth',
      'Stanton',
      'Stanton33',
      '6048d820ccf48c55043c9a62'
   );

INSERT INTO
   teacher (id, NAME, surname, username, password)
VALUES
   (
      456852,
      'Elma',
      'Guy',
      'Elma78',
      '6048d8208545827ef427d41b'
   );

INSERT INTO
   teacher (id, NAME, surname, username, password)
VALUES
   (
      456853,
      'Josefina',
      'Cameron',
      'Josefina36',
      '6048d8206dab320218555f8e'
   );

INSERT INTO
   evaluation (
      id,
      stream,
      student_id,
      teacher_id,
      communication_grade,
      communication_comments,
      is_extramile,
      is_extramile_comments,
      is_motivated,
      motivation_comments,
      direction_comments,
      ability_to_learn_grade,
      ability_to_learn_comments,
      overall_evaluation,
      overall_comments,
      created_at,
      updated_at
   )
VALUES
   (
      456846,
      'BE',
      458789,
      456848,
      'AVERAGE',
      'reprehenderit sunt cillum dolor',
      FALSE,
      NULL,
      FALSE,
      'ex ullamco et laboris do dolore id et',
      'Excepteur cupidatat deserunt eu ad dolore reprehenderit laborum fugiat pariatur quis culpa. Consequat in enim est sunt adipisicing Lorem do.',
      'GOOD',
      NULL,
      'VERY_GOOD',
      'Excepteur cupidatat deserunt eu ad dolore reprehenderit laborum fugiat pariatur quis culpa. Consequat in enim est sunt adipisicing Lorem do.',
      '2021-03-08 10:15:12',
      '2021-03-08 10:15:12'
   );

INSERT INTO
   evaluation (
      id,
      stream,
      student_id,
      teacher_id,
      communication_grade,
      communication_comments,
      is_extramile,
      is_extramile_comments,
      is_motivated,
      motivation_comments,
      direction_comments,
      ability_to_learn_grade,
      ability_to_learn_comments,
      overall_evaluation,
      overall_comments,
      created_at,
      updated_at
   )
VALUES
   (
      456847,
      'FE',
      458789,
      456847,
      'AVERAGE',
      NULL,
      FALSE,
      'id duis Lorem culpa pariatur',
      TRUE,
      'ullamco labore dolor ipsum magna voluptate nostrud commodo',
      'Eiusmod dolor ad duis irure cillum quis incididunt.',
      'GOOD',
      'esse dolore ullamco magna elit tempor',
      'VERY_GOOD',
      'Eiusmod dolor ad duis irure cillum quis incididunt.',
      ' 2020-11-12 10:15:12',
      '2021-03-08 10:15:12'
   );

INSERT INTO
   evaluation (
      id,
      stream,
      student_id,
      teacher_id,
      communication_grade,
      communication_comments,
      is_extramile,
      is_extramile_comments,
      is_motivated,
      motivation_comments,
      direction_comments,
      ability_to_learn_grade,
      ability_to_learn_comments,
      overall_evaluation,
      overall_comments,
      created_at,
      updated_at
   )
VALUES
   (
      552581,
      'QA',
      458789,
      456850,
      'AVERAGE',
      NULL,
      TRUE,
      'ullamco nostrud sint pariatur occaecat esse minim adipisicing ea aute irure',
      FALSE,
      NULL,
      'In qui sunt est do in amet in nostrud eu voluptate qui exercitation ut incididunt. ',
      'GOOD',
      NULL,
      'VERY_GOOD',
      'In qui sunt est do in amet in nostrud eu voluptate qui exercitation ut incididunt. ',
      ' 2020-11-12 10:15:12',
      '2021-03-08 10:15:12'
   );

INSERT INTO
   evaluation (
      id,
      stream,
      student_id,
      teacher_id,
      communication_grade,
      communication_comments,
      is_extramile,
      is_extramile_comments,
      is_motivated,
      motivation_comments,
      direction_comments,
      ability_to_learn_grade,
      ability_to_learn_comments,
      overall_evaluation,
      overall_comments,
      created_at,
      updated_at
   )
VALUES
   (
      35123559,
      'BE',
      552580,
      456848,
      'AVERAGE',
      NULL,
      FALSE,
      NULL,
      TRUE,
      NULL,
      'Ad irure officia veniam et consectetur. Commodo nostrud ullamco deserunt sit adipisicing occaecat laborum amet.',
      'GOOD',
      'enim dolore amet pariatur excepteur velit aute mollit ipsum reprehenderit',
      'VERY_GOOD',
      'Ad irure officia veniam et consectetur. Commodo nostrud ullamco deserunt sit adipisicing occaecat laborum amet.',
      ' 2020-11-12 10:15:12',
      '2021-03-08 10:15:12'
   );

INSERT INTO
   evaluation (
      id,
      stream,
      student_id,
      teacher_id,
      communication_grade,
      communication_comments,
      is_extramile,
      is_extramile_comments,
      is_motivated,
      motivation_comments,
      direction_comments,
      ability_to_learn_grade,
      ability_to_learn_comments,
      overall_evaluation,
      overall_comments,
      created_at,
      updated_at
   )
VALUES
   (
      9865222,
      'QA',
      552580,
      456850,
      'AVERAGE',
      'enim laborum qui ad ut proident ad quis excepteur aliquip consectetur cupidatat',
      FALSE,
      NULL,
      FALSE,
      'exercitation in proident excepteur irure laboris id sunt',
      'Ut velit cupidatat pariatur aliqua non irure.',
      'GOOD',
      'Lorem dolore cillum dolor reprehenderit velit',
      'VERY_GOOD',
      'Ut velit cupidatat pariatur aliqua non irure.',
      '2021-03-08 10:15:12',
      '2021-03-08 10:15:12'
   );

INSERT INTO
   evaluation (
      id,
      stream,
      student_id,
      teacher_id,
      communication_grade,
      communication_comments,
      is_extramile,
      is_extramile_comments,
      is_motivated,
      motivation_comments,
      direction_comments,
      ability_to_learn_grade,
      ability_to_learn_comments,
      overall_evaluation,
      overall_comments,
      created_at,
      updated_at
   )
VALUES
   (
      552584,
      'FE',
      35125,
      456847,
      'AVERAGE',
      NULL,
      FALSE,
      'commodo et eu est adipisicing',
      FALSE,
      'in aliquip irure amet qui adipisicing pariatur id ex cillum cillum sint',
      'Aliqua dolor cupidatat sit est eiusmod ipsum tempor occaecat in.',
      'GOOD',
      'elit incididunt id eiusmod anim nisi',
      'VERY_GOOD',
      'Aliqua dolor cupidatat sit est eiusmod ipsum tempor occaecat in.',
      '2021-03-08 10:15:12',
      '2021-03-08 10:15:12'
   );

INSERT INTO
   evaluation (
      id,
      stream,
      student_id,
      teacher_id,
      communication_grade,
      communication_comments,
      is_extramile,
      is_extramile_comments,
      is_motivated,
      motivation_comments,
      direction_comments,
      ability_to_learn_grade,
      ability_to_learn_comments,
      overall_evaluation,
      overall_comments,
      created_at,
      updated_at
   )
VALUES
   (
      9865224,
      'UX',
      35125,
      456853,
      'AVERAGE',
      'fugiat qui consequat deserunt',
      TRUE,
      NULL,
      FALSE,
      NULL,
      'Qui magna amet deserunt minim dolor reprehenderit Lorem esse esse cupidatat ea incididunt.',
      'GOOD',
      'sit eiusmod ex labore veniam Lorem laboris ipsum amet quis',
      'VERY_GOOD',
      'Qui magna amet deserunt minim dolor reprehenderit Lorem esse esse cupidatat ea incididunt.',
      '2021-02-01 04:15:12',
      '2021-03-08 04:15:12'
   );

INSERT INTO
   evaluation (
      id,
      stream,
      student_id,
      teacher_id,
      communication_grade,
      communication_comments,
      is_extramile,
      is_extramile_comments,
      is_motivated,
      motivation_comments,
      direction_comments,
      ability_to_learn_grade,
      ability_to_learn_comments,
      overall_evaluation,
      overall_comments,
      created_at,
      updated_at
   )
VALUES
   (
      35123563,
      'BE',
      986524,
      456848,
      'AVERAGE',
      'exercitation adipisicing consequat veniam exercitation magna eiusmod in labore id dolore minim',
      TRUE,
      'dolor amet et in consectetur',
      TRUE,
      'officia ullamco laborum magna veniam magna anim anim',
      'Est eiusmod non elit incididunt. Esse et in cillum sit culpa elit amet deserunt.',
      'GOOD',
      NULL,
      'VERY_GOOD',
      'Est eiusmod non elit incididunt. Esse et in cillum sit culpa elit amet deserunt.',
      ' 2020-12-03 04:15:12',
      '2021-03-08 04:15:12'
   );

INSERT INTO
   evaluation (
      id,
      stream,
      student_id,
      teacher_id,
      communication_grade,
      communication_comments,
      is_extramile,
      is_extramile_comments,
      is_motivated,
      motivation_comments,
      direction_comments,
      ability_to_learn_grade,
      ability_to_learn_comments,
      overall_evaluation,
      overall_comments,
      created_at,
      updated_at
   )
VALUES
   (
      552587,
      'FE',
      986524,
      456847,
      'AVERAGE',
      NULL,
      FALSE,
      NULL,
      TRUE,
      'esse cillum do ad magna voluptate mollit consectetur enim irure dolor ut',
      'Velit mollit laboris tempor veniam eiusmod magna laboris nostrud dolore id excepteur ad excepteur.',
      'GOOD',
      NULL,
      'NOT_RECOMMENDED',
      'Velit mollit laboris tempor veniam eiusmod magna laboris nostrud dolore id excepteur ad excepteur.',
      '2021-03-08 04:15:12',
      '2021-03-08 04:15:12'
   );

INSERT INTO
   evaluation (
      id,
      stream,
      student_id,
      teacher_id,
      communication_grade,
      communication_comments,
      is_extramile,
      is_extramile_comments,
      is_motivated,
      motivation_comments,
      direction_comments,
      ability_to_learn_grade,
      ability_to_learn_comments,
      overall_evaluation,
      overall_comments,
      created_at,
      updated_at
   )
VALUES
   (
      9865227,
      'QA',
      986524,
      456850,
      'AVERAGE',
      NULL,
      FALSE,
      'amet sit aliqua eiusmod esse',
      TRUE,
      NULL,
      'Dolor sint exercitation dolore elit laborum in deserunt commodo pariatur nisi.',
      'GOOD',
      'nisi deserunt fugiat adipisicing aliquip aliqua sint occaecat eiusmod qui',
      'NOT_RECOMMENDED',
      'Dolor sint exercitation dolore elit laborum in deserunt commodo pariatur nisi.',
      '2021-03-08 04:15:12',
      '2021-02-28 04:15:12'
   );

INSERT INTO
   evaluation (
      id,
      stream,
      student_id,
      teacher_id,
      communication_grade,
      communication_comments,
      is_extramile,
      is_extramile_comments,
      is_motivated,
      motivation_comments,
      direction_comments,
      ability_to_learn_grade,
      ability_to_learn_comments,
      overall_evaluation,
      overall_comments,
      created_at,
      updated_at
   )
VALUES
   (
      456856,
      'QA',
      458793,
      456850,
      'AVERAGE',
      NULL,
      FALSE,
      'dolor sint enim sit elit',
      FALSE,
      'labore duis do fugiat labore occaecat deserunt magna',
      'Elit est laboris veniam ea voluptate. Aliquip labore dolore occaecat ea elit ipsum sint commodo ea ut eu esse non ipsum.',
      'WEAK',
      NULL,
      'NOT_RECOMMENDED',
      'Elit est laboris veniam ea voluptate. Aliquip labore dolore occaecat ea elit ipsum sint commodo ea ut eu esse non ipsum.',
      '2021-03-08 04:15:12',
      '2021-02-28 04:15:12'
   );

INSERT INTO
   evaluation (
      id,
      stream,
      student_id,
      teacher_id,
      communication_grade,
      communication_comments,
      is_extramile,
      is_extramile_comments,
      is_motivated,
      motivation_comments,
      direction_comments,
      ability_to_learn_grade,
      ability_to_learn_comments,
      overall_evaluation,
      overall_comments,
      created_at,
      updated_at
   )
VALUES
   (
      35123567,
      'FE',
      458793,
      456847,
      'AVERAGE',
      'irure nostrud deserunt in id duis ad cillum excepteur labore velit excepteur',
      TRUE,
      NULL,
      FALSE,
      NULL,
      'gia',
      'WEAK',
      'ad enim aliquip consectetur minim irure laboris officia aute laborum',
      'NOT_RECOMMENDED',
      'Ut et excepteur veniam ut excepteur dolore eiusmod. Do labore nostrud veniam eiusmod.',
      '2021-03-08 04:15:12',
      '2021-02-28 04:15:12'
   );

INSERT INTO
   evaluation (
      id,
      stream,
      student_id,
      teacher_id,
      communication_grade,
      communication_comments,
      is_extramile,
      is_extramile_comments,
      is_motivated,
      motivation_comments,
      direction_comments,
      ability_to_learn_grade,
      ability_to_learn_comments,
      overall_evaluation,
      overall_comments,
      created_at,
      updated_at
   )
VALUES
   (
      35123568,
      'UX',
      552584,
      456853,
      'AVERAGE',
      'nostrud dolore esse esse',
      TRUE,
      'irure fugiat labore fugiat enim voluptate exercitation do consectetur ipsum id',
      TRUE,
      NULL,
      'Magna est elit consequat culpa aliquip excepteur ipsum est dolore esse et cillum cupidatat velit.',
      'WEAK',
      'qui sit dolor officia laborum excepteur',
      'NOT_RECOMMENDED',
      'Magna est elit consequat culpa aliquip excepteur ipsum est dolore esse et cillum cupidatat velit.',
      '2021-03-08 04:15:12',
      '2021-03-08 04:15:12'
   );

INSERT INTO
   evaluation (
      id,
      stream,
      student_id,
      teacher_id,
      communication_grade,
      communication_comments,
      is_extramile,
      is_extramile_comments,
      is_motivated,
      motivation_comments,
      direction_comments,
      ability_to_learn_grade,
      ability_to_learn_comments,
      overall_evaluation,
      overall_comments,
      created_at,
      updated_at
   )
VALUES
   (
      552592,
      'UX',
      221524,
      456852,
      'GOOD',
      'deserunt enim reprehenderit eiusmod amet commodo magna pariatur dolore excepteur id quis',
      TRUE,
      NULL,
      FALSE,
      'aute adipisicing aliquip laborum qui fugiat occaecat aliqua',
      'Amet voluptate aliquip esse commodo ea et pariatur dolore duis aliqua qui mollit anim.',
      'WEAK',
      'laboris culpa eu culpa nulla dolor',
      'NOT_RECOMMENDED',
      'Amet voluptate aliquip esse commodo ea et pariatur dolore duis aliqua qui mollit anim.',
      '2021-03-08 04:15:12',
      '2021-03-08 04:15:12'
   );

INSERT INTO
   evaluation (
      id,
      stream,
      student_id,
      teacher_id,
      communication_grade,
      communication_comments,
      is_extramile,
      is_extramile_comments,
      is_motivated,
      motivation_comments,
      direction_comments,
      ability_to_learn_grade,
      ability_to_learn_comments,
      overall_evaluation,
      overall_comments,
      created_at,
      updated_at
   )
VALUES
   (
      456860,
      'FE',
      552586,
      456847,
      'GOOD',
      NULL,
      FALSE,
      NULL,
      TRUE,
      'in nisi non quis sint proident ipsum qui',
      'Ut est sunt et irure occaecat velit Lorem pariatur consequat cupidatat ipsum.',
      'WEAK',
      'aliquip ipsum consectetur aute anim cupidatat',
      'NOT_RECOMMENDED',
      'Ut est sunt et irure occaecat velit Lorem pariatur consequat cupidatat ipsum.',
      '2021-03-08 04:15:12',
      '2021-03-09 04:15:12'
   );

INSERT INTO
   evaluation (
      id,
      stream,
      student_id,
      teacher_id,
      communication_grade,
      communication_comments,
      is_extramile,
      is_extramile_comments,
      is_motivated,
      motivation_comments,
      direction_comments,
      ability_to_learn_grade,
      ability_to_learn_comments,
      overall_evaluation,
      overall_comments,
      created_at,
      updated_at
   )
VALUES
   (
      456861,
      'BE',
      552586,
      456849,
      'GOOD',
      'est velit non exercitation',
      TRUE,
      'pariatur ex consequat et nostrud excepteur labore qui consequat enim cillum',
      FALSE,
      'aute id adipisicing qui officia dolore anim do',
      'Anim nostrud excepteur excepteur fugiat qui Lorem fugiat occaecat nostrud ipsum nulla consequat consectetur mollit.',
      'WEAK',
      'veniam voluptate irure veniam officia cillum',
      'NOT_RECOMMENDED',
      'Anim nostrud excepteur excepteur fugiat qui Lorem fugiat occaecat nostrud ipsum nulla consequat consectetur mollit.',
      '2021-02-18 12:15:12',
      '2021-03-08 12:15:12'
   );

INSERT INTO
   evaluation (
      id,
      stream,
      student_id,
      teacher_id,
      communication_grade,
      communication_comments,
      is_extramile,
      is_extramile_comments,
      is_motivated,
      motivation_comments,
      direction_comments,
      ability_to_learn_grade,
      ability_to_learn_comments,
      overall_evaluation,
      overall_comments,
      created_at,
      updated_at
   )
VALUES
   (
      456862,
      'FE',
      986529,
      456846,
      'GOOD',
      NULL,
      TRUE,
      NULL,
      FALSE,
      'occaecat culpa proident fugiat laboris in ipsum non ea ipsum ex est',
      'Qui dolor deserunt ipsum culpa consequat enim dolor. ',
      'WEAK',
      NULL,
      'NOT_RECOMMENDED',
      'Qui dolor deserunt ipsum culpa consequat enim dolor. ',
      '2021-03-08 12:15:12',
      ' 2020-11-12 12:15:12'
   );

INSERT INTO
   evaluation (
      id,
      stream,
      student_id,
      teacher_id,
      communication_grade,
      communication_comments,
      is_extramile,
      is_extramile_comments,
      is_motivated,
      motivation_comments,
      direction_comments,
      ability_to_learn_grade,
      ability_to_learn_comments,
      overall_evaluation,
      overall_comments,
      created_at,
      updated_at
   )
VALUES
   (
      35123573,
      'FE',
      458793,
      456846,
      'GOOD',
      NULL,
      TRUE,
      NULL,
      TRUE,
      NULL,
      'Do minim aliqua culpa ex exercitation adipisicing ut occaecat magna in sunt id. Eu minim mollit quis incididunt. Qui tempor eu consequat ad adipisicing. Enim pariatur ullamco nulla laboris voluptate qui esse qui deserunt ut ea sit fugiat occaecat.',
      'WEAK',
      NULL,
      'NOT_RECOMMENDED',
      'Do minim aliqua culpa ex exercitation adipisicing ut occaecat magna in sunt id. Eu minim mollit quis incididunt. Qui tempor eu consequat ad adipisicing. Enim pariatur ullamco nulla laboris voluptate qui esse qui deserunt ut ea sit fugiat occaecat.',
      '2021-03-08 12:15:12',
      ' 2020-11-12 12:15:12'
   );

INSERT INTO
   evaluation (
      id,
      stream,
      student_id,
      teacher_id,
      communication_grade,
      communication_comments,
      is_extramile,
      is_extramile_comments,
      is_motivated,
      motivation_comments,
      direction_comments,
      ability_to_learn_grade,
      ability_to_learn_comments,
      overall_evaluation,
      overall_comments,
      created_at,
      updated_at
   )
VALUES
   (
      9865236,
      'FE',
      458798,
      456846,
      'GOOD',
      'nisi cillum aute labore',
      TRUE,
      NULL,
      FALSE,
      NULL,
      'Aliqua aliquip duis esse id irure in minim sint. Voluptate velit enim qui laboris quis. Non commodo duis sit sit deserunt nulla nisi culpa.',
      'WEAK',
      NULL,
      'NOT_RECOMMENDED',
      'Aliqua aliquip duis esse id irure in minim sint. Voluptate velit enim qui laboris quis. Non commodo duis sit sit deserunt nulla nisi culpa.',
      '2021-03-08 12:15:12',
      ' 2020-11-12 12:15:12'
   );

INSERT INTO
   evaluation (
      id,
      stream,
      student_id,
      teacher_id,
      communication_grade,
      communication_comments,
      is_extramile,
      is_extramile_comments,
      is_motivated,
      motivation_comments,
      direction_comments,
      ability_to_learn_grade,
      ability_to_learn_comments,
      overall_evaluation,
      overall_comments,
      created_at,
      updated_at
   )
VALUES
   (
      456865,
      'UX',
      458798,
      456852,
      'GOOD',
      'eiusmod incididunt labore amet consectetur laborum quis fugiat enim irure adipisicing ut',
      FALSE,
      'excepteur eu veniam occaecat sunt sunt reprehenderit ut commodo do qui',
      TRUE,
      'sunt velit consequat cupidatat veniam magna ipsum deserunt Lorem sint ullamco laboris',
      'Aliquip anim elit eu enim quis quis laborum culpa aliqua amet.',
      'WEAK',
      'enim laboris officia occaecat cillum consequat aliquip dolore aliquip exercitation',
      'AVERAGE',
      'Aliquip anim elit eu enim quis quis laborum culpa aliqua amet.',
      '2021-03-08 12:15:12',
      '2021-03-08 12:15:12'
   );

INSERT INTO
   evaluation (
      id,
      stream,
      student_id,
      teacher_id,
      communication_grade,
      communication_comments,
      is_extramile,
      is_extramile_comments,
      is_motivated,
      motivation_comments,
      direction_comments,
      ability_to_learn_grade,
      ability_to_learn_comments,
      overall_evaluation,
      overall_comments,
      created_at,
      updated_at
   )
VALUES
   (
      35123576,
      'BE',
      458798,
      456849,
      'GOOD',
      'irure labore culpa eiusmod',
      TRUE,
      NULL,
      FALSE,
      NULL,
      'Proident cillum elit qui ipsum cupidatat. Laboris duis deserunt tempor enim elit labore. ',
      'AVERAGE',
      NULL,
      'AVERAGE',
      'Proident cillum elit qui ipsum cupidatat. Laboris duis deserunt tempor enim elit labore. ',
      '2021-03-08 12:15:12',
      '2021-03-08 12:15:12'
   );

INSERT INTO
   evaluation (
      id,
      stream,
      student_id,
      teacher_id,
      communication_grade,
      communication_comments,
      is_extramile,
      is_extramile_comments,
      is_motivated,
      motivation_comments,
      direction_comments,
      ability_to_learn_grade,
      ability_to_learn_comments,
      overall_evaluation,
      overall_comments,
      created_at,
      updated_at
   )
VALUES
   (
      35123577,
      'QA',
      986531,
      456851,
      'GOOD',
      'sint nisi ut nostrud',
      TRUE,
      NULL,
      FALSE,
      NULL,
      'Et sint magna minim eu dolore ullamco quis ad mollit ad reprehenderit adipisicing Lorem.',
      'AVERAGE',
      NULL,
      'AVERAGE',
      'Et sint magna minim eu dolore ullamco quis ad mollit ad reprehenderit adipisicing Lorem.',
      '2021-03-08 12:15:12',
      '2021-02-01 12:15:12'
   );

INSERT INTO
   evaluation (
      id,
      stream,
      student_id,
      teacher_id,
      communication_grade,
      communication_comments,
      is_extramile,
      is_extramile_comments,
      is_motivated,
      motivation_comments,
      direction_comments,
      ability_to_learn_grade,
      ability_to_learn_comments,
      overall_evaluation,
      overall_comments,
      created_at,
      updated_at
   )
VALUES
   (
      552601,
      'UX',
      986531,
      456852,
      'WEAK',
      'aliquip incididunt nulla do',
      FALSE,
      NULL,
      TRUE,
      'excepteur velit dolor duis ea dolor tempor occaecat',
      'Tempor culpa qui sunt do do nisi duis id minim ipsum consectetur. ',
      'AVERAGE',
      NULL,
      'AVERAGE',
      'Tempor culpa qui sunt do do nisi duis id minim ipsum consectetur. ',
      '2021-03-08 12:15:12',
      ' 2020-12-03 12:15:12'
   );

INSERT INTO
   evaluation (
      id,
      stream,
      student_id,
      teacher_id,
      communication_grade,
      communication_comments,
      is_extramile,
      is_extramile_comments,
      is_motivated,
      motivation_comments,
      direction_comments,
      ability_to_learn_grade,
      ability_to_learn_comments,
      overall_evaluation,
      overall_comments,
      created_at,
      updated_at
   )
VALUES
   (
      552602,
      'QA',
      986532,
      456851,
      'WEAK',
      NULL,
      FALSE,
      'adipisicing aliqua incididunt aliquip elit id quis do ea magna voluptate',
      FALSE,
      'enim proident excepteur nisi voluptate proident commodo sint',
      'Aliqua laboris sunt occaecat elit excepteur ullamco irure minim esse dolor amet anim.',
      'AVERAGE',
      NULL,
      'AVERAGE',
      'Aliqua laboris sunt occaecat elit excepteur ullamco irure minim esse dolor amet anim.',
      '2021-03-08 12:15:12',
      '2021-03-08 12:15:12'
   );

INSERT INTO
   evaluation (
      id,
      stream,
      student_id,
      teacher_id,
      communication_grade,
      communication_comments,
      is_extramile,
      is_extramile_comments,
      is_motivated,
      motivation_comments,
      direction_comments,
      ability_to_learn_grade,
      ability_to_learn_comments,
      overall_evaluation,
      overall_comments,
      created_at,
      updated_at
   )
VALUES
   (
      456870,
      'FE',
      986532,
      456846,
      'WEAK',
      'est dolore nostrud aliqua',
      TRUE,
      'anim consequat nulla ullamco proident',
      TRUE,
      NULL,
      'Ut et excepteur veniam ut excepteur dolore eiusmod. Do labore nostrud veniam eiusmod.',
      'AVERAGE',
      'proident aliquip eiusmod elit aliquip incididunt pariatur ea cupidatat non',
      'GOOD',
      'Ut et excepteur veniam ut excepteur dolore eiusmod. Do labore nostrud veniam eiusmod.',
      '2021-03-08 12:15:12',
      '2021-03-08 12:15:12'
   );

INSERT INTO
   evaluation (
      id,
      stream,
      student_id,
      teacher_id,
      communication_grade,
      communication_comments,
      is_extramile,
      is_extramile_comments,
      is_motivated,
      motivation_comments,
      direction_comments,
      ability_to_learn_grade,
      ability_to_learn_comments,
      overall_evaluation,
      overall_comments,
      created_at,
      updated_at
   )
VALUES
   (
      9865243,
      'UX',
      986532,
      456852,
      'WEAK',
      NULL,
      FALSE,
      NULL,
      TRUE,
      NULL,
      'Laboris nostrud ut deserunt sit consectetur mollit.',
      'AVERAGE',
      NULL,
      'GOOD',
      'Laboris nostrud ut deserunt sit consectetur mollit.',
      '2021-02-28 11:15:12',
      '2021-03-08 11:15:12'
   );

INSERT INTO
   evaluation (
      id,
      stream,
      student_id,
      teacher_id,
      communication_grade,
      communication_comments,
      is_extramile,
      is_extramile_comments,
      is_motivated,
      motivation_comments,
      direction_comments,
      ability_to_learn_grade,
      ability_to_learn_comments,
      overall_evaluation,
      overall_comments,
      created_at,
      updated_at
   )
VALUES
   (
      552605,
      'BE',
      986532,
      456849,
      'WEAK',
      'ea do velit cupidatat dolor deserunt deserunt sint dolor culpa commodo labore',
      TRUE,
      'aliqua eiusmod dolore nulla velit',
      TRUE,
      'tempor cupidatat anim reprehenderit dolore minim ipsum quis amet et ullamco officia',
      'Aliqua anim pariatur ullamco tempor.',
      'AVERAGE',
      'irure officia cillum aliquip pariatur in laboris enim occaecat esse',
      'GOOD',
      'Aliqua anim pariatur ullamco tempor.',
      '2021-02-28 11:15:12',
      '2021-03-08 11:15:12'
   );

INSERT INTO
   evaluation (
      id,
      stream,
      student_id,
      teacher_id,
      communication_grade,
      communication_comments,
      is_extramile,
      is_extramile_comments,
      is_motivated,
      motivation_comments,
      direction_comments,
      ability_to_learn_grade,
      ability_to_learn_comments,
      overall_evaluation,
      overall_comments,
      created_at,
      updated_at
   )
VALUES
   (
      456873,
      'BE',
      221530,
      456849,
      'WEAK',
      NULL,
      TRUE,
      'amet magna officia occaecat veniam sit dolore culpa ea dolor voluptate',
      FALSE,
      'amet adipisicing adipisicing officia dolor laborum minim dolore reprehenderit sit aute Lorem',
      'Excepteur aliqua anim eiusmod ullamco cillum consequat commodo excepteur.',
      'AVERAGE',
      NULL,
      'GOOD',
      'Excepteur aliqua anim eiusmod ullamco cillum consequat commodo excepteur.',
      '2021-02-28 11:15:12',
      '2021-03-08 11:15:12'
   );

INSERT INTO
   evaluation (
      id,
      stream,
      student_id,
      teacher_id,
      communication_grade,
      communication_comments,
      is_extramile,
      is_extramile_comments,
      is_motivated,
      motivation_comments,
      direction_comments,
      ability_to_learn_grade,
      ability_to_learn_comments,
      overall_evaluation,
      overall_comments,
      created_at,
      updated_at
   )
VALUES
   (
      552607,
      'UX',
      221530,
      456852,
      'WEAK',
      'proident do qui tempor anim nisi enim esse officia laboris sit pariatur',
      FALSE,
      'officia dolor in exercitation reprehenderit et consectetur magna eiusmod nostrud voluptate',
      TRUE,
      NULL,
      'Labore nisi mollit dolor mollit sunt culpa culpa.',
      'AVERAGE',
      NULL,
      'GOOD',
      'Labore nisi mollit dolor mollit sunt culpa culpa.',
      '2021-03-08 11:15:12',
      '2021-03-08 11:15:12'
   );

INSERT INTO
   evaluation (
      id,
      stream,
      student_id,
      teacher_id,
      communication_grade,
      communication_comments,
      is_extramile,
      is_extramile_comments,
      is_motivated,
      motivation_comments,
      direction_comments,
      ability_to_learn_grade,
      ability_to_learn_comments,
      overall_evaluation,
      overall_comments,
      created_at,
      updated_at
   )
VALUES
   (
      552608,
      'QA',
      221530,
      456851,
      'WEAK',
      NULL,
      TRUE,
      'sint incididunt esse incididunt occaecat',
      FALSE,
      NULL,
      'Dolor incididunt ea ut ut anim dolor proident aute aute ex.',
      'AVERAGE',
      'proident nostrud magna est cupidatat fugiat',
      'GOOD',
      'Dolor incididunt ea ut ut anim dolor proident aute aute ex.',
      '2021-03-08 11:15:12',
      '2021-03-08 11:15:12'
   );

INSERT INTO
   evaluation (
      id,
      stream,
      student_id,
      teacher_id,
      communication_grade,
      communication_comments,
      is_extramile,
      is_extramile_comments,
      is_motivated,
      motivation_comments,
      direction_comments,
      ability_to_learn_grade,
      ability_to_learn_comments,
      overall_evaluation,
      overall_comments,
      created_at,
      updated_at
   )
VALUES
   (
      9865248,
      'BE',
      986534,
      456849,
      'WEAK',
      NULL,
      FALSE,
      'id enim tempor ipsum culpa',
      FALSE,
      NULL,
      'Minim sunt adipisicing ullamco dolore tempor sit anim. ',
      'AVERAGE',
      'id tempor reprehenderit et anim reprehenderit',
      'GOOD',
      'Minim sunt adipisicing ullamco dolore tempor sit anim. ',
      '2021-03-09 11:15:12',
      '2021-02-18 11:15:12'
   );

INSERT INTO
   evaluation (
      id,
      stream,
      student_id,
      teacher_id,
      communication_grade,
      communication_comments,
      is_extramile,
      is_extramile_comments,
      is_motivated,
      motivation_comments,
      direction_comments,
      ability_to_learn_grade,
      ability_to_learn_comments,
      overall_evaluation,
      overall_comments,
      created_at,
      updated_at
   )
VALUES
   (
      35123587,
      'FE',
      221532,
      456846,
      'WEAK',
      'aute qui nulla amet',
      TRUE,
      'ex id laboris pariatur Lorem',
      TRUE,
      NULL,
      'Cupidatat consequat sit sit dolor reprehenderit sit culpa id.',
      'AVERAGE',
      NULL,
      'GOOD',
      'Cupidatat consequat sit sit dolor reprehenderit sit culpa id.',
      '2021-03-10 11:15:12',
      '2021-03-10 11:15:12'
   );